Fecha,Turno,Máquina,Planificado,Fabricado,Defectuosos,TiempoParada_min
2023-01-01,Mañana,Línea-1,98,84,5,7
2023-01-01,Mañana,Línea-2,130,122,12,20
2023-01-01,Mañana,Línea-3,111,109,0,29
2023-01-01,Mañana,Línea-4,93,78,2,15
2023-01-01,Mañana,Línea-5,111,110,1,49
2023-01-01,Tarde,Línea-1,125,117,2,37
2023-01-01,Tarde,Línea-2,115,110,5,24
2023-01-01,Tarde,Línea-3,143,136,12,3
2023-01-01,Tarde,Línea-4,148,146,3,44
2023-01-01,Tarde,Línea-5,113,101,1,3
2023-01-01,Noche,Línea-1,113,107,3,7
2023-01-01,Noche,Línea-2,133,118,10,21
2023-01-01,Noche,Línea-3,124,112,6,8
2023-01-01,Noche,Línea-4,109,104,9,16
2023-01-01,Noche,Línea-5,87,72,1,7
2023-01-02,Mañana,Línea-1,103,94,8,25
2023-01-02,Mañana,Línea-2,120,106,7,2
2023-01-02,Mañana,Línea-3,150,149,0,10
2023-01-02,Mañana,Línea-4,132,127,11,44
2023-01-02,Mañana,Línea-5,124,120,4,34
2023-01-02,Tarde,Línea-1,136,130,0,7
2023-01-02,Tarde,Línea-2,103,95,0,6
2023-01-02,Tarde,Línea-3,102,89,0,49
2023-01-02,Tarde,Línea-4,96,85,2,16
2023-01-02,Tarde,Línea-5,80,79,0,18
2023-01-02,Noche,Línea-1,91,81,6,51
2023-01-02,Noche,Línea-2,106,96,0,30
2023-01-02,Noche,Línea-3,150,149,9,18
2023-01-02,Noche,Línea-4,119,119,9,8
2023-01-02,Noche,Línea-5,143,138,10,41
2023-01-03,Mañana,Línea-1,123,116,4,11
2023-01-03,Mañana,Línea-2,81,70,3,35
2023-01-03,Mañana,Línea-3,83,74,1,2
2023-01-03,Mañana,Línea-4,110,95,3,53
2023-01-03,Mañana,Línea-5,111,100,5,24
2023-01-03,Tarde,Línea-1,131,117,6,52
2023-01-03,Tarde,Línea-2,137,125,10,10
2023-01-03,Tarde,Línea-3,105,96,5,35
2023-01-03,Tarde,Línea-4,82,79,1,47
2023-01-03,Tarde,Línea-5,126,124,6,41
2023-01-03,Noche,Línea-1,118,118,8,51
2023-01-03,Noche,Línea-2,84,79,6,19
2023-01-03,Noche,Línea-3,116,102,9,37
2023-01-03,Noche,Línea-4,140,137,0,26
2023-01-03,Noche,Línea-5,104,99,6,27
2023-01-04,Mañana,Línea-1,127,115,1,40
2023-01-04,Mañana,Línea-2,139,135,2,17
2023-01-04,Mañana,Línea-3,109,97,9,32
2023-01-04,Mañana,Línea-4,99,88,2,34
2023-01-04,Mañana,Línea-5,149,145,10,42
2023-01-04,Tarde,Línea-1,92,85,5,7
2023-01-04,Tarde,Línea-2,118,116,4,32
2023-01-04,Tarde,Línea-3,150,135,8,15
2023-01-04,Tarde,Línea-4,139,130,0,41
2023-01-04,Tarde,Línea-5,138,131,1,35
2023-01-04,Noche,Línea-1,128,121,10,3
2023-01-04,Noche,Línea-2,93,85,8,23
2023-01-04,Noche,Línea-3,100,88,3,8
2023-01-04,Noche,Línea-4,124,122,0,9
2023-01-04,Noche,Línea-5,93,86,7,29
2023-01-05,Mañana,Línea-1,108,104,3,34
2023-01-05,Mañana,Línea-2,117,102,7,39
2023-01-05,Mañana,Línea-3,130,122,3,36
2023-01-05,Mañana,Línea-4,147,144,4,59
2023-01-05,Mañana,Línea-5,128,117,7,54
2023-01-05,Tarde,Línea-1,87,74,0,23
2023-01-05,Tarde,Línea-2,120,105,1,38
2023-01-05,Tarde,Línea-3,92,84,7,20
2023-01-05,Tarde,Línea-4,107,92,4,19
2023-01-05,Tarde,Línea-5,150,139,9,6
2023-01-05,Noche,Línea-1,120,110,1,24
2023-01-05,Noche,Línea-2,115,105,7,35
2023-01-05,Noche,Línea-3,108,96,5,14
2023-01-05,Noche,Línea-4,131,122,3,49
2023-01-05,Noche,Línea-5,88,82,3,60
2023-01-06,Mañana,Línea-1,91,88,4,27
2023-01-06,Mañana,Línea-2,124,117,6,53
2023-01-06,Mañana,Línea-3,94,82,5,43
2023-01-06,Mañana,Línea-4,91,90,8,19
2023-01-06,Mañana,Línea-5,118,116,3,5
2023-01-06,Tarde,Línea-1,132,117,8,57
2023-01-06,Tarde,Línea-2,142,135,3,28
2023-01-06,Tarde,Línea-3,105,98,8,47
2023-01-06,Tarde,Línea-4,144,131,12,34
2023-01-06,Tarde,Línea-5,136,129,5,37
2023-01-06,Noche,Línea-1,90,79,0,40
2023-01-06,Noche,Línea-2,80,74,7,29
2023-01-06,Noche,Línea-3,110,100,5,7
2023-01-06,Noche,Línea-4,120,105,5,27
2023-01-06,Noche,Línea-5,97,90,4,11
2023-01-07,Mañana,Línea-1,90,75,4,14
2023-01-07,Mañana,Línea-2,120,114,11,50
2023-01-07,Mañana,Línea-3,119,107,5,3
2023-01-07,Mañana,Línea-4,121,111,3,39
2023-01-07,Mañana,Línea-5,106,98,2,46
2023-01-07,Tarde,Línea-1,110,100,6,36
2023-01-07,Tarde,Línea-2,95,92,7,56
2023-01-07,Tarde,Línea-3,86,83,4,35
2023-01-07,Tarde,Línea-4,107,99,2,17
2023-01-07,Tarde,Línea-5,106,103,2,13
2023-01-07,Noche,Línea-1,132,122,8,27
2023-01-07,Noche,Línea-2,99,91,4,41
2023-01-07,Noche,Línea-3,87,75,2,53
2023-01-07,Noche,Línea-4,147,145,3,53
2023-01-07,Noche,Línea-5,83,81,8,43
2023-01-08,Mañana,Línea-1,148,134,2,57
2023-01-08,Mañana,Línea-2,132,125,4,2
2023-01-08,Mañana,Línea-3,81,74,3,39
2023-01-08,Mañana,Línea-4,133,120,2,7
2023-01-08,Mañana,Línea-5,84,80,6,53
2023-01-08,Tarde,Línea-1,109,102,7,11
2023-01-08,Tarde,Línea-2,91,90,3,21
2023-01-08,Tarde,Línea-3,116,116,5,44
2023-01-08,Tarde,Línea-4,131,126,4,57
2023-01-08,Tarde,Línea-5,149,137,3,26
2023-01-08,Noche,Línea-1,84,74,6,42
2023-01-08,Noche,Línea-2,120,114,8,32
2023-01-08,Noche,Línea-3,106,93,2,47
2023-01-08,Noche,Línea-4,113,107,9,42
2023-01-08,Noche,Línea-5,93,88,3,42
2023-01-09,Mañana,Línea-1,133,123,5,19
2023-01-09,Mañana,Línea-2,141,130,12,50
2023-01-09,Mañana,Línea-3,108,103,2,0
2023-01-09,Mañana,Línea-4,92,89,7,16
2023-01-09,Mañana,Línea-5,80,71,7,56
2023-01-09,Tarde,Línea-1,122,107,3,41
2023-01-09,Tarde,Línea-2,86,71,2,13
2023-01-09,Tarde,Línea-3,133,133,1,50
2023-01-09,Tarde,Línea-4,117,111,6,18
2023-01-09,Tarde,Línea-5,82,79,0,18
2023-01-09,Noche,Línea-1,111,99,4,29
2023-01-09,Noche,Línea-2,106,96,9,34
2023-01-09,Noche,Línea-3,134,127,10,32
2023-01-09,Noche,Línea-4,94,81,5,46
2023-01-09,Noche,Línea-5,124,110,11,20
2023-01-10,Mañana,Línea-1,122,111,2,50
2023-01-10,Mañana,Línea-2,136,128,4,11
2023-01-10,Mañana,Línea-3,118,108,3,9
2023-01-10,Mañana,Línea-4,143,135,9,47
2023-01-10,Mañana,Línea-5,109,98,1,18
2023-01-10,Tarde,Línea-1,119,107,0,55
2023-01-10,Tarde,Línea-2,96,87,1,26
2023-01-10,Tarde,Línea-3,98,92,8,46
2023-01-10,Tarde,Línea-4,109,96,7,23
2023-01-10,Tarde,Línea-5,89,75,7,51
2023-01-10,Noche,Línea-1,96,83,0,13
2023-01-10,Noche,Línea-2,141,140,13,40
2023-01-10,Noche,Línea-3,141,130,2,50
2023-01-10,Noche,Línea-4,146,139,9,53
2023-01-10,Noche,Línea-5,95,85,5,52
2023-01-11,Mañana,Línea-1,82,77,0,24
2023-01-11,Mañana,Línea-2,106,97,3,32
2023-01-11,Mañana,Línea-3,80,68,3,8
2023-01-11,Mañana,Línea-4,143,129,7,26
2023-01-11,Mañana,Línea-5,106,94,8,42
2023-01-11,Tarde,Línea-1,126,117,3,32
2023-01-11,Tarde,Línea-2,120,112,0,55
2023-01-11,Tarde,Línea-3,110,97,8,52
2023-01-11,Tarde,Línea-4,81,66,1,8
2023-01-11,Tarde,Línea-5,117,111,9,16
2023-01-11,Noche,Línea-1,144,139,6,26
2023-01-11,Noche,Línea-2,129,120,2,30
2023-01-11,Noche,Línea-3,138,131,2,10
2023-01-11,Noche,Línea-4,87,85,2,1
2023-01-11,Noche,Línea-5,84,69,6,17
2023-01-12,Mañana,Línea-1,144,139,11,7
2023-01-12,Mañana,Línea-2,120,108,0,42
2023-01-12,Mañana,Línea-3,135,133,4,29
2023-01-12,Mañana,Línea-4,138,135,4,10
2023-01-12,Mañana,Línea-5,94,94,3,36
2023-01-12,Tarde,Línea-1,110,102,9,34
2023-01-12,Tarde,Línea-2,122,121,1,10
2023-01-12,Tarde,Línea-3,81,72,0,55
2023-01-12,Tarde,Línea-4,88,80,3,54
2023-01-12,Tarde,Línea-5,85,73,4,30
2023-01-12,Noche,Línea-1,141,129,4,46
2023-01-12,Noche,Línea-2,99,86,1,35
2023-01-12,Noche,Línea-3,88,74,2,15
2023-01-12,Noche,Línea-4,126,112,1,1
2023-01-12,Noche,Línea-5,95,92,2,51
2023-01-13,Mañana,Línea-1,95,80,5,6
2023-01-13,Mañana,Línea-2,149,137,11,23
2023-01-13,Mañana,Línea-3,91,91,9,26
2023-01-13,Mañana,Línea-4,99,88,0,47
2023-01-13,Mañana,Línea-5,140,128,11,38
2023-01-13,Tarde,Línea-1,133,130,13,48
2023-01-13,Tarde,Línea-2,125,115,10,0
2023-01-13,Tarde,Línea-3,88,82,3,16
2023-01-13,Tarde,Línea-4,133,123,7,42
2023-01-13,Tarde,Línea-5,92,82,7,44
2023-01-13,Noche,Línea-1,96,81,1,34
2023-01-13,Noche,Línea-2,113,103,5,10
2023-01-13,Noche,Línea-3,142,127,1,46
2023-01-13,Noche,Línea-4,97,87,2,0
2023-01-13,Noche,Línea-5,143,128,10,39
2023-01-14,Mañana,Línea-1,101,87,4,30
2023-01-14,Mañana,Línea-2,134,126,11,10
2023-01-14,Mañana,Línea-3,84,72,3,60
2023-01-14,Mañana,Línea-4,84,81,7,54
2023-01-14,Mañana,Línea-5,136,128,9,24
2023-01-14,Tarde,Línea-1,123,108,4,35
2023-01-14,Tarde,Línea-2,84,78,5,15
2023-01-14,Tarde,Línea-3,104,94,3,4
2023-01-14,Tarde,Línea-4,120,110,10,5
2023-01-14,Tarde,Línea-5,101,92,9,21
2023-01-14,Noche,Línea-1,149,139,6,20
2023-01-14,Noche,Línea-2,97,92,2,17
2023-01-14,Noche,Línea-3,135,130,9,4
2023-01-14,Noche,Línea-4,80,69,1,39
2023-01-14,Noche,Línea-5,112,104,0,7
2023-01-15,Mañana,Línea-1,148,136,13,5
2023-01-15,Mañana,Línea-2,82,69,6,37
2023-01-15,Mañana,Línea-3,133,120,12,9
2023-01-15,Mañana,Línea-4,110,97,8,31
2023-01-15,Mañana,Línea-5,133,129,11,11
2023-01-15,Tarde,Línea-1,86,75,1,8
2023-01-15,Tarde,Línea-2,124,119,10,26
2023-01-15,Tarde,Línea-3,148,138,12,51
2023-01-15,Tarde,Línea-4,139,137,4,21
2023-01-15,Tarde,Línea-5,87,85,8,48
2023-01-15,Noche,Línea-1,101,100,7,18
2023-01-15,Noche,Línea-2,114,99,6,30
2023-01-15,Noche,Línea-3,146,144,0,23
2023-01-15,Noche,Línea-4,127,124,11,49
2023-01-15,Noche,Línea-5,150,145,5,27
2023-01-16,Mañana,Línea-1,143,143,6,54
2023-01-16,Mañana,Línea-2,111,111,6,0
2023-01-16,Mañana,Línea-3,132,122,6,34
2023-01-16,Mañana,Línea-4,147,133,7,29
2023-01-16,Mañana,Línea-5,141,137,0,12
2023-01-16,Tarde,Línea-1,150,144,14,21
2023-01-16,Tarde,Línea-2,106,103,3,54
2023-01-16,Tarde,Línea-3,138,126,12,50
2023-01-16,Tarde,Línea-4,147,133,3,7
2023-01-16,Tarde,Línea-5,114,114,5,50
2023-01-16,Noche,Línea-1,95,89,3,12
2023-01-16,Noche,Línea-2,94,91,7,21
2023-01-16,Noche,Línea-3,106,97,1,49
2023-01-16,Noche,Línea-4,88,86,1,11
2023-01-16,Noche,Línea-5,109,99,0,30
2023-01-17,Mañana,Línea-1,81,67,5,22
2023-01-17,Mañana,Línea-2,84,82,7,1
2023-01-17,Mañana,Línea-3,112,104,9,37
2023-01-17,Mañana,Línea-4,147,140,13,34
2023-01-17,Mañana,Línea-5,124,123,4,23
2023-01-17,Tarde,Línea-1,88,77,2,29
2023-01-17,Tarde,Línea-2,100,95,6,22
2023-01-17,Tarde,Línea-3,137,129,8,55
2023-01-17,Tarde,Línea-4,84,74,4,0
2023-01-17,Tarde,Línea-5,123,108,6,45
2023-01-17,Noche,Línea-1,119,106,1,34
2023-01-17,Noche,Línea-2,136,135,3,36
2023-01-17,Noche,Línea-3,134,126,10,13
2023-01-17,Noche,Línea-4,82,76,6,18
2023-01-17,Noche,Línea-5,145,143,14,52
2023-01-18,Mañana,Línea-1,117,111,0,54
2023-01-18,Mañana,Línea-2,83,81,8,20
2023-01-18,Mañana,Línea-3,105,91,2,49
2023-01-18,Mañana,Línea-4,143,138,11,24
2023-01-18,Mañana,Línea-5,113,109,4,39
2023-01-18,Tarde,Línea-1,82,69,5,33
2023-01-18,Tarde,Línea-2,118,115,11,45
2023-01-18,Tarde,Línea-3,92,88,5,45
2023-01-18,Tarde,Línea-4,121,107,3,1
2023-01-18,Tarde,Línea-5,107,95,0,52
2023-01-18,Noche,Línea-1,125,124,4,7
2023-01-18,Noche,Línea-2,104,94,9,4
2023-01-18,Noche,Línea-3,88,82,2,32
2023-01-18,Noche,Línea-4,100,85,6,40
2023-01-18,Noche,Línea-5,102,94,1,58
2023-01-19,Mañana,Línea-1,130,125,7,43
2023-01-19,Mañana,Línea-2,126,122,10,18
2023-01-19,Mañana,Línea-3,142,130,1,7
2023-01-19,Mañana,Línea-4,98,84,3,0
2023-01-19,Mañana,Línea-5,103,93,5,4
2023-01-19,Tarde,Línea-1,83,78,6,6
2023-01-19,Tarde,Línea-2,106,101,9,46
2023-01-19,Tarde,Línea-3,120,109,3,59
2023-01-19,Tarde,Línea-4,129,124,0,23
2023-01-19,Tarde,Línea-5,131,130,0,9
2023-01-19,Noche,Línea-1,112,111,1,1
2023-01-19,Noche,Línea-2,97,95,0,29
2023-01-19,Noche,Línea-3,89,78,1,43
2023-01-19,Noche,Línea-4,126,124,7,28
2023-01-19,Noche,Línea-5,150,141,14,60
2023-01-20,Mañana,Línea-1,81,81,7,15
2023-01-20,Mañana,Línea-2,107,103,3,2
2023-01-20,Mañana,Línea-3,134,128,9,38
2023-01-20,Mañana,Línea-4,98,92,1,24
2023-01-20,Mañana,Línea-5,114,100,8,18
2023-01-20,Tarde,Línea-1,80,69,1,16
2023-01-20,Tarde,Línea-2,123,109,4,56
2023-01-20,Tarde,Línea-3,95,86,1,7
2023-01-20,Tarde,Línea-4,121,114,4,3
2023-01-20,Tarde,Línea-5,115,113,5,16
2023-01-20,Noche,Línea-1,120,110,5,57
2023-01-20,Noche,Línea-2,142,140,6,60
2023-01-20,Noche,Línea-3,125,110,2,3
2023-01-20,Noche,Línea-4,122,107,1,11
2023-01-20,Noche,Línea-5,88,78,6,8
2023-01-21,Mañana,Línea-1,92,91,3,2
2023-01-21,Mañana,Línea-2,83,75,4,55
2023-01-21,Mañana,Línea-3,119,109,4,51
2023-01-21,Mañana,Línea-4,139,130,5,58
2023-01-21,Mañana,Línea-5,94,87,4,52
2023-01-21,Tarde,Línea-1,150,147,7,15
2023-01-21,Tarde,Línea-2,115,107,7,28
2023-01-21,Tarde,Línea-3,119,104,7,26
2023-01-21,Tarde,Línea-4,87,82,7,59
2023-01-21,Tarde,Línea-5,91,77,4,55
2023-01-21,Noche,Línea-1,123,117,5,3
2023-01-21,Noche,Línea-2,85,70,3,53
2023-01-21,Noche,Línea-3,130,119,3,45
2023-01-21,Noche,Línea-4,116,111,9,48
2023-01-21,Noche,Línea-5,84,70,7,29
2023-01-22,Mañana,Línea-1,90,80,2,30
2023-01-22,Mañana,Línea-2,88,79,4,29
2023-01-22,Mañana,Línea-3,115,115,9,13
2023-01-22,Mañana,Línea-4,110,97,7,41
2023-01-22,Mañana,Línea-5,85,72,0,59
2023-01-22,Tarde,Línea-1,90,81,0,11
2023-01-22,Tarde,Línea-2,138,128,1,55
2023-01-22,Tarde,Línea-3,142,137,10,32
2023-01-22,Tarde,Línea-4,149,143,10,18
2023-01-22,Tarde,Línea-5,148,147,7,48
2023-01-22,Noche,Línea-1,142,132,3,34
2023-01-22,Noche,Línea-2,133,123,6,6
2023-01-22,Noche,Línea-3,126,121,6,19
2023-01-22,Noche,Línea-4,147,141,3,33
2023-01-22,Noche,Línea-5,127,127,5,7
2023-01-23,Mañana,Línea-1,143,130,5,46
2023-01-23,Mañana,Línea-2,97,84,3,53
2023-01-23,Mañana,Línea-3,94,81,2,17
2023-01-23,Mañana,Línea-4,102,96,9,32
2023-01-23,Mañana,Línea-5,104,100,0,36
2023-01-23,Tarde,Línea-1,129,125,2,50
2023-01-23,Tarde,Línea-2,117,102,1,45
2023-01-23,Tarde,Línea-3,118,115,7,2
2023-01-23,Tarde,Línea-4,97,97,9,45
2023-01-23,Tarde,Línea-5,107,96,4,22
2023-01-23,Noche,Línea-1,147,139,2,51
2023-01-23,Noche,Línea-2,80,74,5,32
2023-01-23,Noche,Línea-3,97,89,0,44
2023-01-23,Noche,Línea-4,98,88,0,60
2023-01-23,Noche,Línea-5,123,112,9,6
2023-01-24,Mañana,Línea-1,124,114,4,46
2023-01-24,Mañana,Línea-2,96,94,3,56
2023-01-24,Mañana,Línea-3,139,127,12,55
2023-01-24,Mañana,Línea-4,95,90,1,32
2023-01-24,Mañana,Línea-5,146,135,3,34
2023-01-24,Tarde,Línea-1,139,126,9,19
2023-01-24,Tarde,Línea-2,106,98,8,55
2023-01-24,Tarde,Línea-3,149,145,7,26
2023-01-24,Tarde,Línea-4,117,107,3,34
2023-01-24,Tarde,Línea-5,87,72,6,18
2023-01-24,Noche,Línea-1,99,87,6,19
2023-01-24,Noche,Línea-2,110,106,2,41
2023-01-24,Noche,Línea-3,85,73,2,49
2023-01-24,Noche,Línea-4,143,130,5,21
2023-01-24,Noche,Línea-5,132,131,11,51
2023-01-25,Mañana,Línea-1,111,105,5,47
2023-01-25,Mañana,Línea-2,80,68,1,45
2023-01-25,Mañana,Línea-3,113,108,6,30
2023-01-25,Mañana,Línea-4,98,96,8,3
2023-01-25,Mañana,Línea-5,114,104,10,51
2023-01-25,Tarde,Línea-1,83,77,4,40
2023-01-25,Tarde,Línea-2,106,100,4,48
2023-01-25,Tarde,Línea-3,150,140,14,42
2023-01-25,Tarde,Línea-4,105,92,1,9
2023-01-25,Tarde,Línea-5,113,101,2,47
2023-01-25,Noche,Línea-1,95,92,8,1
2023-01-25,Noche,Línea-2,89,81,1,13
2023-01-25,Noche,Línea-3,92,85,4,44
2023-01-25,Noche,Línea-4,86,76,3,9
2023-01-25,Noche,Línea-5,95,93,1,22
2023-01-26,Mañana,Línea-1,87,83,8,40
2023-01-26,Mañana,Línea-2,150,139,5,54
2023-01-26,Mañana,Línea-3,96,81,1,39
2023-01-26,Mañana,Línea-4,96,96,7,60
2023-01-26,Mañana,Línea-5,109,107,4,30
2023-01-26,Tarde,Línea-1,120,107,4,33
2023-01-26,Tarde,Línea-2,99,85,7,12
2023-01-26,Tarde,Línea-3,132,119,1,21
2023-01-26,Tarde,Línea-4,138,137,3,17
2023-01-26,Tarde,Línea-5,129,125,3,8
2023-01-26,Noche,Línea-1,146,137,6,51
2023-01-26,Noche,Línea-2,80,75,4,15
2023-01-26,Noche,Línea-3,149,149,10,34
2023-01-26,Noche,Línea-4,97,92,5,17
2023-01-26,Noche,Línea-5,101,100,8,3
2023-01-27,Mañana,Línea-1,99,89,0,5
2023-01-27,Mañana,Línea-2,100,96,5,35
2023-01-27,Mañana,Línea-3,148,138,13,5
2023-01-27,Mañana,Línea-4,86,72,7,44
2023-01-27,Mañana,Línea-5,132,125,2,46
2023-01-27,Tarde,Línea-1,128,123,3,54
2023-01-27,Tarde,Línea-2,133,127,2,22
2023-01-27,Tarde,Línea-3,142,137,6,14
2023-01-27,Tarde,Línea-4,112,107,9,60
2023-01-27,Tarde,Línea-5,145,136,1,54
2023-01-27,Noche,Línea-1,118,103,8,55
2023-01-27,Noche,Línea-2,94,85,6,59
2023-01-27,Noche,Línea-3,131,117,6,60
2023-01-27,Noche,Línea-4,94,80,0,3
2023-01-27,Noche,Línea-5,80,69,6,41
2023-01-28,Mañana,Línea-1,104,93,5,41
2023-01-28,Mañana,Línea-2,131,120,5,5
2023-01-28,Mañana,Línea-3,81,70,1,16
2023-01-28,Mañana,Línea-4,102,99,7,17
2023-01-28,Mañana,Línea-5,106,101,4,12
2023-01-28,Tarde,Línea-1,123,115,2,15
2023-01-28,Tarde,Línea-2,132,132,6,53
2023-01-28,Tarde,Línea-3,123,117,11,9
2023-01-28,Tarde,Línea-4,113,99,6,24
2023-01-28,Tarde,Línea-5,121,115,2,53
2023-01-28,Noche,Línea-1,98,88,5,14
2023-01-28,Noche,Línea-2,113,101,8,33
2023-01-28,Noche,Línea-3,117,115,0,15
2023-01-28,Noche,Línea-4,136,125,1,27
2023-01-28,Noche,Línea-5,104,95,0,16
2023-01-29,Mañana,Línea-1,136,129,8,16
2023-01-29,Mañana,Línea-2,145,137,6,22
2023-01-29,Mañana,Línea-3,82,68,1,17
2023-01-29,Mañana,Línea-4,96,81,3,43
2023-01-29,Mañana,Línea-5,119,110,1,42
2023-01-29,Tarde,Línea-1,110,105,0,9
2023-01-29,Tarde,Línea-2,143,136,8,18
2023-01-29,Tarde,Línea-3,100,93,9,8
2023-01-29,Tarde,Línea-4,102,90,5,59
2023-01-29,Tarde,Línea-5,124,121,7,42
2023-01-29,Noche,Línea-1,98,84,5,5
2023-01-29,Noche,Línea-2,87,74,3,51
2023-01-29,Noche,Línea-3,83,80,8,31
2023-01-29,Noche,Línea-4,129,128,12,32
2023-01-29,Noche,Línea-5,89,82,3,50
2023-01-30,Mañana,Línea-1,127,116,1,6
2023-01-30,Mañana,Línea-2,125,111,6,48
2023-01-30,Mañana,Línea-3,141,132,8,54
2023-01-30,Mañana,Línea-4,97,83,4,36
2023-01-30,Mañana,Línea-5,134,127,9,14
2023-01-30,Tarde,Línea-1,119,110,11,54
2023-01-30,Tarde,Línea-2,147,139,3,45
2023-01-30,Tarde,Línea-3,110,100,4,21
2023-01-30,Tarde,Línea-4,94,79,1,42
2023-01-30,Tarde,Línea-5,109,102,1,25
2023-01-30,Noche,Línea-1,107,97,1,48
2023-01-30,Noche,Línea-2,98,85,1,41
2023-01-30,Noche,Línea-3,111,104,6,40
2023-01-30,Noche,Línea-4,107,104,10,23
2023-01-30,Noche,Línea-5,135,133,2,31
2023-01-31,Mañana,Línea-1,87,79,0,43
2023-01-31,Mañana,Línea-2,99,89,1,52
2023-01-31,Mañana,Línea-3,107,93,9,21
2023-01-31,Mañana,Línea-4,114,114,7,56
2023-01-31,Mañana,Línea-5,111,111,3,42
2023-01-31,Tarde,Línea-1,123,119,9,6
2023-01-31,Tarde,Línea-2,121,108,0,32
2023-01-31,Tarde,Línea-3,104,95,0,46
2023-01-31,Tarde,Línea-4,144,144,7,22
2023-01-31,Tarde,Línea-5,116,102,1,1
2023-01-31,Noche,Línea-1,118,109,3,17
2023-01-31,Noche,Línea-2,147,147,2,30
2023-01-31,Noche,Línea-3,136,134,3,44
2023-01-31,Noche,Línea-4,109,99,1,48
2023-01-31,Noche,Línea-5,93,80,7,11
2023-02-01,Mañana,Línea-1,98,83,1,26
2023-02-01,Mañana,Línea-2,83,77,5,47
2023-02-01,Mañana,Línea-3,81,67,5,24
2023-02-01,Mañana,Línea-4,115,114,1,41
2023-02-01,Mañana,Línea-5,142,140,11,11
2023-02-01,Tarde,Línea-1,115,108,1,36
2023-02-01,Tarde,Línea-2,126,124,1,26
2023-02-01,Tarde,Línea-3,104,99,7,54
2023-02-01,Tarde,Línea-4,115,115,1,27
2023-02-01,Tarde,Línea-5,130,125,6,43
2023-02-01,Noche,Línea-1,81,66,6,22
2023-02-01,Noche,Línea-2,115,111,11,39
2023-02-01,Noche,Línea-3,98,93,6,0
2023-02-01,Noche,Línea-4,90,89,4,12
2023-02-01,Noche,Línea-5,95,84,0,7
2023-02-02,Mañana,Línea-1,95,83,8,25
2023-02-02,Mañana,Línea-2,129,120,7,40
2023-02-02,Mañana,Línea-3,101,93,2,45
2023-02-02,Mañana,Línea-4,91,84,4,37
2023-02-02,Mañana,Línea-5,143,130,11,20
2023-02-02,Tarde,Línea-1,90,86,0,46
2023-02-02,Tarde,Línea-2,125,116,1,59
2023-02-02,Tarde,Línea-3,139,139,10,14
2023-02-02,Tarde,Línea-4,86,79,6,2
2023-02-02,Tarde,Línea-5,100,85,7,5
2023-02-02,Noche,Línea-1,149,145,3,43
2023-02-02,Noche,Línea-2,109,105,9,54
2023-02-02,Noche,Línea-3,84,74,5,37
2023-02-02,Noche,Línea-4,92,92,6,60
2023-02-02,Noche,Línea-5,135,121,9,33
2023-02-03,Mañana,Línea-1,81,77,5,15
2023-02-03,Mañana,Línea-2,84,84,4,34
2023-02-03,Mañana,Línea-3,111,101,3,10
2023-02-03,Mañana,Línea-4,150,147,9,60
2023-02-03,Mañana,Línea-5,103,94,0,40
2023-02-03,Tarde,Línea-1,139,132,10,11
2023-02-03,Tarde,Línea-2,149,147,9,7
2023-02-03,Tarde,Línea-3,85,77,5,27
2023-02-03,Tarde,Línea-4,115,106,6,32
2023-02-03,Tarde,Línea-5,90,75,7,12
2023-02-03,Noche,Línea-1,134,121,3,53
2023-02-03,Noche,Línea-2,136,128,9,41
2023-02-03,Noche,Línea-3,121,114,10,0
2023-02-03,Noche,Línea-4,129,123,2,41
2023-02-03,Noche,Línea-5,146,140,10,41
2023-02-04,Mañana,Línea-1,80,78,6,50
2023-02-04,Mañana,Línea-2,124,122,0,16
2023-02-04,Mañana,Línea-3,134,131,10,44
2023-02-04,Mañana,Línea-4,109,104,3,18
2023-02-04,Mañana,Línea-5,94,91,9,32
2023-02-04,Tarde,Línea-1,94,89,3,9
2023-02-04,Tarde,Línea-2,147,136,5,15
2023-02-04,Tarde,Línea-3,101,95,4,37
2023-02-04,Tarde,Línea-4,85,71,3,44
2023-02-04,Tarde,Línea-5,132,124,0,33
2023-02-04,Noche,Línea-1,91,86,6,53
2023-02-04,Noche,Línea-2,139,135,13,33
2023-02-04,Noche,Línea-3,130,129,6,24
2023-02-04,Noche,Línea-4,146,145,5,1
2023-02-04,Noche,Línea-5,88,74,4,30
2023-02-05,Mañana,Línea-1,127,115,0,25
2023-02-05,Mañana,Línea-2,125,116,10,22
2023-02-05,Mañana,Línea-3,134,122,7,37
2023-02-05,Mañana,Línea-4,134,124,11,52
2023-02-05,Mañana,Línea-5,145,136,2,17
2023-02-05,Tarde,Línea-1,130,116,11,48
2023-02-05,Tarde,Línea-2,88,87,4,31
2023-02-05,Tarde,Línea-3,139,139,1,31
2023-02-05,Tarde,Línea-4,110,102,5,32
2023-02-05,Tarde,Línea-5,126,113,6,23
2023-02-05,Noche,Línea-1,113,105,1,27
2023-02-05,Noche,Línea-2,115,107,9,21
2023-02-05,Noche,Línea-3,90,81,7,53
2023-02-05,Noche,Línea-4,137,135,5,57
2023-02-05,Noche,Línea-5,143,135,2,55
2023-02-06,Mañana,Línea-1,100,88,4,27
2023-02-06,Mañana,Línea-2,147,138,12,43
2023-02-06,Mañana,Línea-3,123,115,6,24
2023-02-06,Mañana,Línea-4,108,97,0,29
2023-02-06,Mañana,Línea-5,125,125,3,8
2023-02-06,Tarde,Línea-1,135,131,5,16
2023-02-06,Tarde,Línea-2,111,110,0,45
2023-02-06,Tarde,Línea-3,132,129,6,25
2023-02-06,Tarde,Línea-4,88,82,1,0
2023-02-06,Tarde,Línea-5,117,106,7,0
2023-02-06,Noche,Línea-1,83,83,6,13
2023-02-06,Noche,Línea-2,82,80,5,41
2023-02-06,Noche,Línea-3,131,120,10,7
2023-02-06,Noche,Línea-4,94,93,6,12
2023-02-06,Noche,Línea-5,102,97,9,27
2023-02-07,Mañana,Línea-1,92,82,3,58
2023-02-07,Mañana,Línea-2,113,111,0,29
2023-02-07,Mañana,Línea-3,126,115,0,26
2023-02-07,Mañana,Línea-4,112,97,4,45
2023-02-07,Mañana,Línea-5,85,81,3,38
2023-02-07,Tarde,Línea-1,148,146,10,49
2023-02-07,Tarde,Línea-2,94,94,5,58
2023-02-07,Tarde,Línea-3,134,128,8,45
2023-02-07,Tarde,Línea-4,143,135,1,22
2023-02-07,Tarde,Línea-5,148,133,3,30
2023-02-07,Noche,Línea-1,137,135,10,4
2023-02-07,Noche,Línea-2,104,104,0,10
2023-02-07,Noche,Línea-3,148,141,9,5
2023-02-07,Noche,Línea-4,121,112,10,19
2023-02-07,Noche,Línea-5,125,116,11,4
2023-02-08,Mañana,Línea-1,130,118,5,44
2023-02-08,Mañana,Línea-2,99,93,4,16
2023-02-08,Mañana,Línea-3,97,84,8,4
2023-02-08,Mañana,Línea-4,145,138,12,46
2023-02-08,Mañana,Línea-5,132,118,1,9
2023-02-08,Tarde,Línea-1,84,77,5,38
2023-02-08,Tarde,Línea-2,122,111,0,0
2023-02-08,Tarde,Línea-3,110,100,9,5
2023-02-08,Tarde,Línea-4,147,147,10,42
2023-02-08,Tarde,Línea-5,134,119,8,17
2023-02-08,Noche,Línea-1,93,87,2,49
2023-02-08,Noche,Línea-2,88,83,6,7
2023-02-08,Noche,Línea-3,115,114,9,11
2023-02-08,Noche,Línea-4,144,132,6,40
2023-02-08,Noche,Línea-5,98,94,1,51
2023-02-09,Mañana,Línea-1,143,141,0,29
2023-02-09,Mañana,Línea-2,105,100,1,39
2023-02-09,Mañana,Línea-3,80,71,2,54
2023-02-09,Mañana,Línea-4,90,75,1,23
2023-02-09,Mañana,Línea-5,131,126,2,17
2023-02-09,Tarde,Línea-1,102,94,9,32
2023-02-09,Tarde,Línea-2,92,83,7,46
2023-02-09,Tarde,Línea-3,126,123,12,55
2023-02-09,Tarde,Línea-4,135,120,8,56
2023-02-09,Tarde,Línea-5,102,93,9,53
2023-02-09,Noche,Línea-1,146,136,12,55
2023-02-09,Noche,Línea-2,80,68,5,45
2023-02-09,Noche,Línea-3,140,128,3,9
2023-02-09,Noche,Línea-4,88,82,8,18
2023-02-09,Noche,Línea-5,80,77,5,11
2023-02-10,Mañana,Línea-1,81,73,3,5
2023-02-10,Mañana,Línea-2,85,76,1,45
2023-02-10,Mañana,Línea-3,144,136,5,2
2023-02-10,Mañana,Línea-4,145,133,3,18
2023-02-10,Mañana,Línea-5,103,103,3,14
2023-02-10,Tarde,Línea-1,118,111,0,45
2023-02-10,Tarde,Línea-2,123,109,8,13
2023-02-10,Tarde,Línea-3,106,94,3,18
2023-02-10,Tarde,Línea-4,141,137,3,1
2023-02-10,Tarde,Línea-5,107,105,3,36
2023-02-10,Noche,Línea-1,83,73,2,8
2023-02-10,Noche,Línea-2,85,73,5,47
2023-02-10,Noche,Línea-3,140,134,1,45
2023-02-10,Noche,Línea-4,101,88,7,4
2023-02-10,Noche,Línea-5,125,113,7,4
2023-02-11,Mañana,Línea-1,115,109,1,19
2023-02-11,Mañana,Línea-2,107,106,7,37
2023-02-11,Mañana,Línea-3,118,117,9,45
2023-02-11,Mañana,Línea-4,111,98,6,24
2023-02-11,Mañana,Línea-5,116,103,1,36
2023-02-11,Tarde,Línea-1,139,129,8,36
2023-02-11,Tarde,Línea-2,136,130,10,55
2023-02-11,Tarde,Línea-3,111,98,7,5
2023-02-11,Tarde,Línea-4,103,93,8,0
2023-02-11,Tarde,Línea-5,80,79,6,46
2023-02-11,Noche,Línea-1,145,137,0,28
2023-02-11,Noche,Línea-2,138,136,10,42
2023-02-11,Noche,Línea-3,108,95,4,33
2023-02-11,Noche,Línea-4,96,93,3,53
2023-02-11,Noche,Línea-5,109,95,5,31
2023-02-12,Mañana,Línea-1,96,92,0,3
2023-02-12,Mañana,Línea-2,143,140,4,36
2023-02-12,Mañana,Línea-3,139,130,5,34
2023-02-12,Mañana,Línea-4,99,85,3,33
2023-02-12,Mañana,Línea-5,116,105,1,54
2023-02-12,Tarde,Línea-1,133,128,1,20
2023-02-12,Tarde,Línea-2,139,133,2,43
2023-02-12,Tarde,Línea-3,107,92,7,24
2023-02-12,Tarde,Línea-4,82,82,3,13
2023-02-12,Tarde,Línea-5,117,102,6,39
2023-02-12,Noche,Línea-1,125,118,0,29
2023-02-12,Noche,Línea-2,88,80,0,40
2023-02-12,Noche,Línea-3,137,132,3,50
2023-02-12,Noche,Línea-4,145,139,8,21
2023-02-12,Noche,Línea-5,108,108,1,34
2023-02-13,Mañana,Línea-1,129,129,4,37
2023-02-13,Mañana,Línea-2,127,122,0,45
2023-02-13,Mañana,Línea-3,114,110,5,1
2023-02-13,Mañana,Línea-4,80,80,6,55
2023-02-13,Mañana,Línea-5,120,116,6,52
2023-02-13,Tarde,Línea-1,135,134,12,49
2023-02-13,Tarde,Línea-2,104,95,8,47
2023-02-13,Tarde,Línea-3,132,130,7,15
2023-02-13,Tarde,Línea-4,145,130,7,24
2023-02-13,Tarde,Línea-5,129,124,1,26
2023-02-13,Noche,Línea-1,130,117,10,51
2023-02-13,Noche,Línea-2,139,139,13,46
2023-02-13,Noche,Línea-3,121,107,6,24
2023-02-13,Noche,Línea-4,103,93,7,36
2023-02-13,Noche,Línea-5,129,119,10,52
2023-02-14,Mañana,Línea-1,145,134,1,16
2023-02-14,Mañana,Línea-2,115,115,2,30
2023-02-14,Mañana,Línea-3,146,145,10,38
2023-02-14,Mañana,Línea-4,149,143,11,52
2023-02-14,Mañana,Línea-5,139,138,10,42
2023-02-14,Tarde,Línea-1,118,104,3,60
2023-02-14,Tarde,Línea-2,132,132,8,6
2023-02-14,Tarde,Línea-3,103,100,10,59
2023-02-14,Tarde,Línea-4,91,82,3,27
2023-02-14,Tarde,Línea-5,148,140,5,17
2023-02-14,Noche,Línea-1,145,145,5,46
2023-02-14,Noche,Línea-2,144,142,8,47
2023-02-14,Noche,Línea-3,141,141,4,41
2023-02-14,Noche,Línea-4,109,105,6,31
2023-02-14,Noche,Línea-5,147,147,13,24
2023-02-15,Mañana,Línea-1,107,93,3,58
2023-02-15,Mañana,Línea-2,91,82,5,35
2023-02-15,Mañana,Línea-3,112,97,4,3
2023-02-15,Mañana,Línea-4,109,99,6,12
2023-02-15,Mañana,Línea-5,135,132,3,27
2023-02-15,Tarde,Línea-1,113,102,6,52
2023-02-15,Tarde,Línea-2,118,111,11,4
2023-02-15,Tarde,Línea-3,124,121,2,52
2023-02-15,Tarde,Línea-4,81,79,0,17
2023-02-15,Tarde,Línea-5,147,147,11,3
2023-02-15,Noche,Línea-1,145,145,1,44
2023-02-15,Noche,Línea-2,133,128,7,58
2023-02-15,Noche,Línea-3,130,120,5,43
2023-02-15,Noche,Línea-4,117,104,7,22
2023-02-15,Noche,Línea-5,140,133,0,40
2023-02-16,Mañana,Línea-1,119,117,0,48
2023-02-16,Mañana,Línea-2,116,113,7,48
2023-02-16,Mañana,Línea-3,97,91,4,15
2023-02-16,Mañana,Línea-4,145,140,9,38
2023-02-16,Mañana,Línea-5,106,94,2,58
2023-02-16,Tarde,Línea-1,133,132,10,53
2023-02-16,Tarde,Línea-2,133,120,10,15
2023-02-16,Tarde,Línea-3,94,83,7,18
2023-02-16,Tarde,Línea-4,140,125,1,31
2023-02-16,Tarde,Línea-5,83,76,2,17
2023-02-16,Noche,Línea-1,139,139,7,32
2023-02-16,Noche,Línea-2,85,71,3,58
2023-02-16,Noche,Línea-3,150,143,13,31
2023-02-16,Noche,Línea-4,91,82,7,42
2023-02-16,Noche,Línea-5,102,99,5,35
2023-02-17,Mañana,Línea-1,83,68,3,36
2023-02-17,Mañana,Línea-2,139,124,8,12
2023-02-17,Mañana,Línea-3,133,129,2,40
2023-02-17,Mañana,Línea-4,82,78,0,59
2023-02-17,Mañana,Línea-5,95,91,3,6
2023-02-17,Tarde,Línea-1,95,84,6,37
2023-02-17,Tarde,Línea-2,122,119,3,32
2023-02-17,Tarde,Línea-3,91,87,4,54
2023-02-17,Tarde,Línea-4,123,115,4,57
2023-02-17,Tarde,Línea-5,104,99,6,2
2023-02-17,Noche,Línea-1,125,118,2,20
2023-02-17,Noche,Línea-2,86,76,6,27
2023-02-17,Noche,Línea-3,85,81,3,7
2023-02-17,Noche,Línea-4,131,121,0,2
2023-02-17,Noche,Línea-5,129,114,5,57
2023-02-18,Mañana,Línea-1,100,99,0,13
2023-02-18,Mañana,Línea-2,150,148,11,45
2023-02-18,Mañana,Línea-3,117,116,2,16
2023-02-18,Mañana,Línea-4,94,91,7,44
2023-02-18,Mañana,Línea-5,131,129,5,3
2023-02-18,Tarde,Línea-1,105,91,3,44
2023-02-18,Tarde,Línea-2,125,111,11,10
2023-02-18,Tarde,Línea-3,137,136,4,11
2023-02-18,Tarde,Línea-4,143,142,5,46
2023-02-18,Tarde,Línea-5,145,139,4,13
2023-02-18,Noche,Línea-1,82,67,6,55
2023-02-18,Noche,Línea-2,98,89,0,12
2023-02-18,Noche,Línea-3,110,95,1,14
2023-02-18,Noche,Línea-4,127,121,5,60
2023-02-18,Noche,Línea-5,142,138,10,4
2023-02-19,Mañana,Línea-1,88,75,6,42
2023-02-19,Mañana,Línea-2,115,100,8,5
2023-02-19,Mañana,Línea-3,137,136,6,41
2023-02-19,Mañana,Línea-4,106,100,9,43
2023-02-19,Mañana,Línea-5,84,69,3,30
2023-02-19,Tarde,Línea-1,108,95,7,17
2023-02-19,Tarde,Línea-2,144,141,12,23
2023-02-19,Tarde,Línea-3,137,126,2,47
2023-02-19,Tarde,Línea-4,90,85,2,44
2023-02-19,Tarde,Línea-5,90,90,4,55
2023-02-19,Noche,Línea-1,99,88,6,54
2023-02-19,Noche,Línea-2,83,70,7,11
2023-02-19,Noche,Línea-3,129,123,10,37
2023-02-19,Noche,Línea-4,137,127,0,3
2023-02-19,Noche,Línea-5,134,134,3,34
2023-02-20,Mañana,Línea-1,97,82,0,53
2023-02-20,Mañana,Línea-2,134,133,5,58
2023-02-20,Mañana,Línea-3,122,108,7,27
2023-02-20,Mañana,Línea-4,145,131,9,0
2023-02-20,Mañana,Línea-5,109,106,2,34
2023-02-20,Tarde,Línea-1,107,99,3,36
2023-02-20,Tarde,Línea-2,101,94,0,8
2023-02-20,Tarde,Línea-3,136,135,9,36
2023-02-20,Tarde,Línea-4,114,102,9,13
2023-02-20,Tarde,Línea-5,146,140,12,38
2023-02-20,Noche,Línea-1,113,101,6,10
2023-02-20,Noche,Línea-2,117,106,8,53
2023-02-20,Noche,Línea-3,114,100,8,25
2023-02-20,Noche,Línea-4,95,94,2,60
2023-02-20,Noche,Línea-5,114,104,3,24
2023-02-21,Mañana,Línea-1,131,129,8,22
2023-02-21,Mañana,Línea-2,122,122,8,8
2023-02-21,Mañana,Línea-3,138,133,5,11
2023-02-21,Mañana,Línea-4,111,100,9,28
2023-02-21,Mañana,Línea-5,131,117,5,41
2023-02-21,Tarde,Línea-1,108,101,7,1
2023-02-21,Tarde,Línea-2,109,109,0,49
2023-02-21,Tarde,Línea-3,109,107,1,38
2023-02-21,Tarde,Línea-4,81,78,1,8
2023-02-21,Tarde,Línea-5,114,114,7,33
2023-02-21,Noche,Línea-1,110,101,8,54
2023-02-21,Noche,Línea-2,92,86,5,2
2023-02-21,Noche,Línea-3,126,123,2,58
2023-02-21,Noche,Línea-4,98,98,3,21
2023-02-21,Noche,Línea-5,149,134,7,44
2023-02-22,Mañana,Línea-1,148,135,6,19
2023-02-22,Mañana,Línea-2,138,138,5,14
2023-02-22,Mañana,Línea-3,107,99,0,52
2023-02-22,Mañana,Línea-4,96,88,2,19
2023-02-22,Mañana,Línea-5,136,122,5,33
2023-02-22,Tarde,Línea-1,137,134,11,34
2023-02-22,Tarde,Línea-2,91,83,4,41
2023-02-22,Tarde,Línea-3,130,126,5,53
2023-02-22,Tarde,Línea-4,122,111,4,45
2023-02-22,Tarde,Línea-5,137,133,4,43
2023-02-22,Noche,Línea-1,102,102,6,26
2023-02-22,Noche,Línea-2,96,86,3,26
2023-02-22,Noche,Línea-3,117,104,8,52
2023-02-22,Noche,Línea-4,136,131,7,38
2023-02-22,Noche,Línea-5,103,90,8,36
2023-02-23,Mañana,Línea-1,112,101,9,26
2023-02-23,Mañana,Línea-2,132,130,4,53
2023-02-23,Mañana,Línea-3,132,128,10,16
2023-02-23,Mañana,Línea-4,119,105,5,42
2023-02-23,Mañana,Línea-5,150,137,7,48
2023-02-23,Tarde,Línea-1,80,70,1,37
2023-02-23,Tarde,Línea-2,100,98,7,37
2023-02-23,Tarde,Línea-3,104,91,7,60
2023-02-23,Tarde,Línea-4,118,106,7,30
2023-02-23,Tarde,Línea-5,144,129,9,56
2023-02-23,Noche,Línea-1,122,118,10,7
2023-02-23,Noche,Línea-2,135,128,9,60
2023-02-23,Noche,Línea-3,148,148,0,22
2023-02-23,Noche,Línea-4,87,82,0,4
2023-02-23,Noche,Línea-5,141,126,5,24
2023-02-24,Mañana,Línea-1,114,100,0,22
2023-02-24,Mañana,Línea-2,119,105,6,37
2023-02-24,Mañana,Línea-3,102,88,6,2
2023-02-24,Mañana,Línea-4,147,135,0,16
2023-02-24,Mañana,Línea-5,89,89,6,36
2023-02-24,Tarde,Línea-1,136,135,2,5
2023-02-24,Tarde,Línea-2,143,131,9,25
2023-02-24,Tarde,Línea-3,95,84,4,28
2023-02-24,Tarde,Línea-4,113,98,8,53
2023-02-24,Tarde,Línea-5,96,82,8,14
2023-02-24,Noche,Línea-1,140,127,6,41
2023-02-24,Noche,Línea-2,99,89,5,24
2023-02-24,Noche,Línea-3,124,113,4,43
2023-02-24,Noche,Línea-4,147,133,8,23
2023-02-24,Noche,Línea-5,108,93,9,38
2023-02-25,Mañana,Línea-1,116,105,1,29
2023-02-25,Mañana,Línea-2,100,98,8,27
2023-02-25,Mañana,Línea-3,98,92,5,40
2023-02-25,Mañana,Línea-4,145,132,4,56
2023-02-25,Mañana,Línea-5,101,98,0,5
2023-02-25,Tarde,Línea-1,84,81,7,15
2023-02-25,Tarde,Línea-2,145,136,6,23
2023-02-25,Tarde,Línea-3,107,99,3,37
2023-02-25,Tarde,Línea-4,130,118,5,38
2023-02-25,Tarde,Línea-5,113,110,11,9
2023-02-25,Noche,Línea-1,113,104,3,28
2023-02-25,Noche,Línea-2,106,102,10,3
2023-02-25,Noche,Línea-3,110,104,9,48
2023-02-25,Noche,Línea-4,86,86,4,31
2023-02-25,Noche,Línea-5,119,110,8,2
2023-02-26,Mañana,Línea-1,85,76,0,7
2023-02-26,Mañana,Línea-2,123,108,6,48
2023-02-26,Mañana,Línea-3,110,99,3,20
2023-02-26,Mañana,Línea-4,148,133,7,4
2023-02-26,Mañana,Línea-5,99,92,9,22
2023-02-26,Tarde,Línea-1,99,86,7,16
2023-02-26,Tarde,Línea-2,85,81,1,15
2023-02-26,Tarde,Línea-3,130,128,6,34
2023-02-26,Tarde,Línea-4,107,96,8,45
2023-02-26,Tarde,Línea-5,87,82,3,37
2023-02-26,Noche,Línea-1,86,75,7,27
2023-02-26,Noche,Línea-2,141,137,9,26
2023-02-26,Noche,Línea-3,112,104,8,17
2023-02-26,Noche,Línea-4,119,118,9,13
2023-02-26,Noche,Línea-5,94,94,5,53
2023-02-27,Mañana,Línea-1,142,129,1,30
2023-02-27,Mañana,Línea-2,97,90,1,47
2023-02-27,Mañana,Línea-3,119,104,7,46
2023-02-27,Mañana,Línea-4,116,116,11,34
2023-02-27,Mañana,Línea-5,89,85,6,59
2023-02-27,Tarde,Línea-1,106,99,6,3
2023-02-27,Tarde,Línea-2,95,80,3,19
2023-02-27,Tarde,Línea-3,109,104,4,47
2023-02-27,Tarde,Línea-4,148,138,1,35
2023-02-27,Tarde,Línea-5,140,136,4,19
2023-02-27,Noche,Línea-1,90,82,0,59
2023-02-27,Noche,Línea-2,125,125,9,59
2023-02-27,Noche,Línea-3,138,128,12,59
2023-02-27,Noche,Línea-4,118,110,3,54
2023-02-27,Noche,Línea-5,118,113,11,13
2023-02-28,Mañana,Línea-1,108,99,1,25
2023-02-28,Mañana,Línea-2,91,87,0,20
2023-02-28,Mañana,Línea-3,129,122,7,13
2023-02-28,Mañana,Línea-4,92,89,1,42
2023-02-28,Mañana,Línea-5,112,100,8,57
2023-02-28,Tarde,Línea-1,86,79,7,32
2023-02-28,Tarde,Línea-2,106,92,7,59
2023-02-28,Tarde,Línea-3,150,148,3,17
2023-02-28,Tarde,Línea-4,147,135,8,57
2023-02-28,Tarde,Línea-5,129,125,12,28
2023-02-28,Noche,Línea-1,136,127,2,60
2023-02-28,Noche,Línea-2,98,84,0,12
2023-02-28,Noche,Línea-3,119,106,8,41
2023-02-28,Noche,Línea-4,104,98,7,29
2023-02-28,Noche,Línea-5,86,83,2,60
2023-03-01,Mañana,Línea-1,97,87,3,44
2023-03-01,Mañana,Línea-2,110,98,7,30
2023-03-01,Mañana,Línea-3,104,90,7,55
2023-03-01,Mañana,Línea-4,106,105,0,56
2023-03-01,Mañana,Línea-5,83,70,2,26
2023-03-01,Tarde,Línea-1,111,109,7,32
2023-03-01,Tarde,Línea-2,127,127,6,18
2023-03-01,Tarde,Línea-3,85,81,7,51
2023-03-01,Tarde,Línea-4,86,81,5,9
2023-03-01,Tarde,Línea-5,97,88,0,57
2023-03-01,Noche,Línea-1,139,135,7,43
2023-03-01,Noche,Línea-2,101,88,1,24
2023-03-01,Noche,Línea-3,124,122,11,33
2023-03-01,Noche,Línea-4,107,95,7,14
2023-03-01,Noche,Línea-5,108,104,10,38
2023-03-02,Mañana,Línea-1,137,125,10,49
2023-03-02,Mañana,Línea-2,96,82,4,26
2023-03-02,Mañana,Línea-3,111,103,5,27
2023-03-02,Mañana,Línea-4,115,109,10,26
2023-03-02,Mañana,Línea-5,120,109,0,20
2023-03-02,Tarde,Línea-1,128,125,7,16
2023-03-02,Tarde,Línea-2,82,68,3,19
2023-03-02,Tarde,Línea-3,146,131,8,57
2023-03-02,Tarde,Línea-4,135,130,6,54
2023-03-02,Tarde,Línea-5,101,98,5,2
2023-03-02,Noche,Línea-1,124,109,4,49
2023-03-02,Noche,Línea-2,149,143,8,2
2023-03-02,Noche,Línea-3,141,136,2,15
2023-03-02,Noche,Línea-4,124,115,7,23
2023-03-02,Noche,Línea-5,121,119,10,28
2023-03-03,Mañana,Línea-1,114,105,8,8
2023-03-03,Mañana,Línea-2,84,74,1,45
2023-03-03,Mañana,Línea-3,137,137,1,6
2023-03-03,Mañana,Línea-4,145,130,4,8
2023-03-03,Mañana,Línea-5,143,136,11,31
2023-03-03,Tarde,Línea-1,96,90,1,19
2023-03-03,Tarde,Línea-2,105,103,3,52
2023-03-03,Tarde,Línea-3,82,81,2,51
2023-03-03,Tarde,Línea-4,129,123,4,42
2023-03-03,Tarde,Línea-5,141,135,12,6
2023-03-03,Noche,Línea-1,107,95,7,39
2023-03-03,Noche,Línea-2,138,127,0,20
2023-03-03,Noche,Línea-3,125,116,5,41
2023-03-03,Noche,Línea-4,104,102,6,28
2023-03-03,Noche,Línea-5,139,132,5,37
2023-03-04,Mañana,Línea-1,124,114,0,16
2023-03-04,Mañana,Línea-2,136,122,3,17
2023-03-04,Mañana,Línea-3,102,97,7,23
2023-03-04,Mañana,Línea-4,104,102,2,28
2023-03-04,Mañana,Línea-5,107,105,3,24
2023-03-04,Tarde,Línea-1,95,82,5,58
2023-03-04,Tarde,Línea-2,140,129,1,52
2023-03-04,Tarde,Línea-3,87,84,0,39
2023-03-04,Tarde,Línea-4,140,138,6,46
2023-03-04,Tarde,Línea-5,115,107,0,21
2023-03-04,Noche,Línea-1,108,98,8,56
2023-03-04,Noche,Línea-2,144,132,13,49
2023-03-04,Noche,Línea-3,147,138,3,33
2023-03-04,Noche,Línea-4,138,129,3,29
2023-03-04,Noche,Línea-5,138,135,11,50
2023-03-05,Mañana,Línea-1,99,94,1,31
2023-03-05,Mañana,Línea-2,84,77,3,39
2023-03-05,Mañana,Línea-3,139,139,0,56
2023-03-05,Mañana,Línea-4,102,98,6,20
2023-03-05,Mañana,Línea-5,120,113,0,39
2023-03-05,Tarde,Línea-1,137,125,11,37
2023-03-05,Tarde,Línea-2,115,105,6,11
2023-03-05,Tarde,Línea-3,85,85,4,31
2023-03-05,Tarde,Línea-4,133,119,5,40
2023-03-05,Tarde,Línea-5,119,116,4,56
2023-03-05,Noche,Línea-1,139,128,7,1
2023-03-05,Noche,Línea-2,86,82,7,11
2023-03-05,Noche,Línea-3,95,81,6,10
2023-03-05,Noche,Línea-4,149,149,2,34
2023-03-05,Noche,Línea-5,143,135,13,46
2023-03-06,Mañana,Línea-1,108,94,9,47
2023-03-06,Mañana,Línea-2,143,129,9,60
2023-03-06,Mañana,Línea-3,124,118,9,16
2023-03-06,Mañana,Línea-4,138,138,13,52
2023-03-06,Mañana,Línea-5,84,83,6,46
2023-03-06,Tarde,Línea-1,96,89,8,59
2023-03-06,Tarde,Línea-2,134,131,8,15
2023-03-06,Tarde,Línea-3,138,134,2,1
2023-03-06,Tarde,Línea-4,137,130,7,17
2023-03-06,Tarde,Línea-5,123,118,4,7
2023-03-06,Noche,Línea-1,130,116,2,6
2023-03-06,Noche,Línea-2,93,89,8,40
2023-03-06,Noche,Línea-3,90,86,5,47
2023-03-06,Noche,Línea-4,86,78,0,58
2023-03-06,Noche,Línea-5,125,114,9,10
2023-03-07,Mañana,Línea-1,117,105,1,42
2023-03-07,Mañana,Línea-2,106,100,10,36
2023-03-07,Mañana,Línea-3,133,121,0,50
2023-03-07,Mañana,Línea-4,145,142,9,12
2023-03-07,Mañana,Línea-5,115,106,4,0
2023-03-07,Tarde,Línea-1,122,110,4,35
2023-03-07,Tarde,Línea-2,123,114,0,39
2023-03-07,Tarde,Línea-3,145,132,13,5
2023-03-07,Tarde,Línea-4,111,101,8,41
2023-03-07,Tarde,Línea-5,132,132,2,21
2023-03-07,Noche,Línea-1,91,90,2,4
2023-03-07,Noche,Línea-2,122,112,1,18
2023-03-07,Noche,Línea-3,83,81,4,1
2023-03-07,Noche,Línea-4,82,77,7,29
2023-03-07,Noche,Línea-5,98,92,5,51
2023-03-08,Mañana,Línea-1,146,133,8,24
2023-03-08,Mañana,Línea-2,116,107,8,55
2023-03-08,Mañana,Línea-3,104,103,1,40
2023-03-08,Mañana,Línea-4,146,132,7,45
2023-03-08,Mañana,Línea-5,142,135,9,41
2023-03-08,Tarde,Línea-1,127,122,2,21
2023-03-08,Tarde,Línea-2,132,129,5,26
2023-03-08,Tarde,Línea-3,139,124,4,8
2023-03-08,Tarde,Línea-4,143,131,10,40
2023-03-08,Tarde,Línea-5,90,78,4,54
2023-03-08,Noche,Línea-1,144,138,13,45
2023-03-08,Noche,Línea-2,118,111,5,32
2023-03-08,Noche,Línea-3,120,105,3,15
2023-03-08,Noche,Línea-4,126,126,0,50
2023-03-08,Noche,Línea-5,92,88,3,54
2023-03-09,Mañana,Línea-1,118,105,7,49
2023-03-09,Mañana,Línea-2,112,100,10,39
2023-03-09,Mañana,Línea-3,120,116,6,20
2023-03-09,Mañana,Línea-4,93,80,8,28
2023-03-09,Mañana,Línea-5,125,120,7,29
2023-03-09,Tarde,Línea-1,119,118,11,37
2023-03-09,Tarde,Línea-2,114,108,7,22
2023-03-09,Tarde,Línea-3,98,95,0,4
2023-03-09,Tarde,Línea-4,85,81,8,29
2023-03-09,Tarde,Línea-5,80,77,1,19
2023-03-09,Noche,Línea-1,129,119,3,47
2023-03-09,Noche,Línea-2,95,83,7,47
2023-03-09,Noche,Línea-3,136,133,2,4
2023-03-09,Noche,Línea-4,81,77,2,40
2023-03-09,Noche,Línea-5,113,105,0,37
2023-03-10,Mañana,Línea-1,90,89,7,10
2023-03-10,Mañana,Línea-2,139,126,8,57
2023-03-10,Mañana,Línea-3,116,104,7,53
2023-03-10,Mañana,Línea-4,105,105,0,52
2023-03-10,Mañana,Línea-5,122,111,0,35
2023-03-10,Tarde,Línea-1,90,83,7,16
2023-03-10,Tarde,Línea-2,147,140,13,56
2023-03-10,Tarde,Línea-3,96,94,7,51
2023-03-10,Tarde,Línea-4,99,99,7,40
2023-03-10,Tarde,Línea-5,83,75,0,18
2023-03-10,Noche,Línea-1,139,130,9,34
2023-03-10,Noche,Línea-2,104,104,4,9
2023-03-10,Noche,Línea-3,147,138,6,38
2023-03-10,Noche,Línea-4,105,95,6,34
2023-03-10,Noche,Línea-5,108,106,9,3
2023-03-11,Mañana,Línea-1,115,113,3,60
2023-03-11,Mañana,Línea-2,82,71,2,40
2023-03-11,Mañana,Línea-3,121,114,8,59
2023-03-11,Mañana,Línea-4,146,136,1,57
2023-03-11,Mañana,Línea-5,149,143,8,32
2023-03-11,Tarde,Línea-1,91,84,5,15
2023-03-11,Tarde,Línea-2,127,113,3,11
2023-03-11,Tarde,Línea-3,131,131,6,11
2023-03-11,Tarde,Línea-4,84,79,3,29
2023-03-11,Tarde,Línea-5,129,117,1,46
2023-03-11,Noche,Línea-1,93,83,2,11
2023-03-11,Noche,Línea-2,134,122,12,37
2023-03-11,Noche,Línea-3,143,142,13,23
2023-03-11,Noche,Línea-4,82,69,2,10
2023-03-11,Noche,Línea-5,82,73,1,58
2023-03-12,Mañana,Línea-1,90,88,7,47
2023-03-12,Mañana,Línea-2,81,68,2,58
2023-03-12,Mañana,Línea-3,84,74,3,23
2023-03-12,Mañana,Línea-4,116,105,8,32
2023-03-12,Mañana,Línea-5,84,78,0,50
2023-03-12,Tarde,Línea-1,102,93,2,14
2023-03-12,Tarde,Línea-2,132,132,5,33
2023-03-12,Tarde,Línea-3,117,117,4,7
2023-03-12,Tarde,Línea-4,123,120,0,43
2023-03-12,Tarde,Línea-5,105,97,2,20
2023-03-12,Noche,Línea-1,93,93,5,46
2023-03-12,Noche,Línea-2,145,144,9,24
2023-03-12,Noche,Línea-3,142,141,0,51
2023-03-12,Noche,Línea-4,94,86,1,59
2023-03-12,Noche,Línea-5,82,72,3,42
2023-03-13,Mañana,Línea-1,130,123,4,60
2023-03-13,Mañana,Línea-2,132,117,7,0
2023-03-13,Mañana,Línea-3,149,136,4,58
2023-03-13,Mañana,Línea-4,128,123,4,29
2023-03-13,Mañana,Línea-5,104,102,7,40
2023-03-13,Tarde,Línea-1,123,117,8,38
2023-03-13,Tarde,Línea-2,105,97,4,55
2023-03-13,Tarde,Línea-3,104,98,8,18
2023-03-13,Tarde,Línea-4,125,110,10,40
2023-03-13,Tarde,Línea-5,110,105,5,13
2023-03-13,Noche,Línea-1,135,126,8,50
2023-03-13,Noche,Línea-2,98,92,8,16
2023-03-13,Noche,Línea-3,110,99,6,9
2023-03-13,Noche,Línea-4,111,108,7,46
2023-03-13,Noche,Línea-5,138,129,6,52
2023-03-14,Mañana,Línea-1,131,123,0,0
2023-03-14,Mañana,Línea-2,141,128,0,23
2023-03-14,Mañana,Línea-3,89,77,6,11
2023-03-14,Mañana,Línea-4,147,146,5,23
2023-03-14,Mañana,Línea-5,148,145,5,25
2023-03-14,Tarde,Línea-1,120,114,2,17
2023-03-14,Tarde,Línea-2,114,106,1,59
2023-03-14,Tarde,Línea-3,145,141,12,24
2023-03-14,Tarde,Línea-4,93,93,3,59
2023-03-14,Tarde,Línea-5,82,69,0,57
2023-03-14,Noche,Línea-1,97,90,1,27
2023-03-14,Noche,Línea-2,126,116,6,25
2023-03-14,Noche,Línea-3,87,86,3,46
2023-03-14,Noche,Línea-4,137,122,3,34
2023-03-14,Noche,Línea-5,148,145,2,29
2023-03-15,Mañana,Línea-1,126,119,3,46
2023-03-15,Mañana,Línea-2,135,127,5,30
2023-03-15,Mañana,Línea-3,107,98,2,4
2023-03-15,Mañana,Línea-4,145,142,10,26
2023-03-15,Mañana,Línea-5,94,90,8,33
2023-03-15,Tarde,Línea-1,122,111,5,3
2023-03-15,Tarde,Línea-2,107,92,0,5
2023-03-15,Tarde,Línea-3,132,119,6,28
2023-03-15,Tarde,Línea-4,104,96,6,15
2023-03-15,Tarde,Línea-5,125,110,11,51
2023-03-15,Noche,Línea-1,94,83,6,33
2023-03-15,Noche,Línea-2,136,121,7,7
2023-03-15,Noche,Línea-3,80,69,4,10
2023-03-15,Noche,Línea-4,143,130,5,5
2023-03-15,Noche,Línea-5,141,139,9,48
2023-03-16,Mañana,Línea-1,136,130,7,31
2023-03-16,Mañana,Línea-2,99,90,9,54
2023-03-16,Mañana,Línea-3,127,112,1,23
2023-03-16,Mañana,Línea-4,126,118,0,15
2023-03-16,Mañana,Línea-5,122,108,9,9
2023-03-16,Tarde,Línea-1,121,116,4,21
2023-03-16,Tarde,Línea-2,140,127,7,45
2023-03-16,Tarde,Línea-3,90,89,8,28
2023-03-16,Tarde,Línea-4,115,112,8,36
2023-03-16,Tarde,Línea-5,90,88,8,55
2023-03-16,Noche,Línea-1,119,107,6,33
2023-03-16,Noche,Línea-2,145,144,6,2
2023-03-16,Noche,Línea-3,114,104,7,35
2023-03-16,Noche,Línea-4,145,142,1,18
2023-03-16,Noche,Línea-5,119,111,2,8
2023-03-17,Mañana,Línea-1,113,108,5,20
2023-03-17,Mañana,Línea-2,84,84,0,14
2023-03-17,Mañana,Línea-3,106,93,2,19
2023-03-17,Mañana,Línea-4,128,126,0,60
2023-03-17,Mañana,Línea-5,106,97,8,25
2023-03-17,Tarde,Línea-1,148,139,7,40
2023-03-17,Tarde,Línea-2,92,92,1,56
2023-03-17,Tarde,Línea-3,94,92,3,12
2023-03-17,Tarde,Línea-4,134,119,2,21
2023-03-17,Tarde,Línea-5,92,90,6,59
2023-03-17,Noche,Línea-1,140,132,4,54
2023-03-17,Noche,Línea-2,88,74,4,59
2023-03-17,Noche,Línea-3,82,82,6,36
2023-03-17,Noche,Línea-4,145,132,7,6
2023-03-17,Noche,Línea-5,90,78,6,5
2023-03-18,Mañana,Línea-1,146,135,5,54
2023-03-18,Mañana,Línea-2,142,130,13,10
2023-03-18,Mañana,Línea-3,127,115,11,42
2023-03-18,Mañana,Línea-4,90,89,0,29
2023-03-18,Mañana,Línea-5,133,122,1,15
2023-03-18,Tarde,Línea-1,118,114,9,19
2023-03-18,Tarde,Línea-2,96,83,5,5
2023-03-18,Tarde,Línea-3,133,128,5,56
2023-03-18,Tarde,Línea-4,108,103,9,17
2023-03-18,Tarde,Línea-5,137,131,13,12
2023-03-18,Noche,Línea-1,140,138,3,47
2023-03-18,Noche,Línea-2,108,95,6,57
2023-03-18,Noche,Línea-3,112,100,0,35
2023-03-18,Noche,Línea-4,138,125,12,0
2023-03-18,Noche,Línea-5,105,97,1,23
2023-03-19,Mañana,Línea-1,121,113,3,14
2023-03-19,Mañana,Línea-2,105,105,7,1
2023-03-19,Mañana,Línea-3,130,129,3,51
2023-03-19,Mañana,Línea-4,136,122,6,51
2023-03-19,Mañana,Línea-5,111,111,6,39
2023-03-19,Tarde,Línea-1,121,118,2,32
2023-03-19,Tarde,Línea-2,139,124,5,32
2023-03-19,Tarde,Línea-3,88,74,1,27
2023-03-19,Tarde,Línea-4,130,129,9,10
2023-03-19,Tarde,Línea-5,144,138,8,35
2023-03-19,Noche,Línea-1,110,100,5,39
2023-03-19,Noche,Línea-2,111,110,7,26
2023-03-19,Noche,Línea-3,109,100,2,22
2023-03-19,Noche,Línea-4,92,87,4,29
2023-03-19,Noche,Línea-5,144,133,4,47
2023-03-20,Mañana,Línea-1,107,99,9,37
2023-03-20,Mañana,Línea-2,136,133,0,58
2023-03-20,Mañana,Línea-3,145,135,3,54
2023-03-20,Mañana,Línea-4,104,90,0,6
2023-03-20,Mañana,Línea-5,128,123,9,1
2023-03-20,Tarde,Línea-1,110,106,10,16
2023-03-20,Tarde,Línea-2,132,128,9,46
2023-03-20,Tarde,Línea-3,93,90,1,37
2023-03-20,Tarde,Línea-4,115,110,0,54
2023-03-20,Tarde,Línea-5,105,95,6,33
2023-03-20,Noche,Línea-1,85,79,3,1
2023-03-20,Noche,Línea-2,96,89,6,44
2023-03-20,Noche,Línea-3,102,98,6,26
2023-03-20,Noche,Línea-4,110,100,0,11
2023-03-20,Noche,Línea-5,150,138,4,2
2023-03-21,Mañana,Línea-1,113,102,2,55
2023-03-21,Mañana,Línea-2,85,81,0,40
2023-03-21,Mañana,Línea-3,101,88,2,39
2023-03-21,Mañana,Línea-4,147,143,9,41
2023-03-21,Mañana,Línea-5,121,113,6,31
2023-03-21,Tarde,Línea-1,122,116,9,58
2023-03-21,Tarde,Línea-2,81,78,4,39
2023-03-21,Tarde,Línea-3,100,94,7,32
2023-03-21,Tarde,Línea-4,106,91,1,51
2023-03-21,Tarde,Línea-5,97,83,5,39
2023-03-21,Noche,Línea-1,92,80,1,30
2023-03-21,Noche,Línea-2,135,135,5,31
2023-03-21,Noche,Línea-3,113,105,1,3
2023-03-21,Noche,Línea-4,146,139,6,3
2023-03-21,Noche,Línea-5,98,87,6,11
2023-03-22,Mañana,Línea-1,121,111,6,32
2023-03-22,Mañana,Línea-2,119,106,8,46
2023-03-22,Mañana,Línea-3,117,115,6,23
2023-03-22,Mañana,Línea-4,131,131,3,55
2023-03-22,Mañana,Línea-5,103,95,5,24
2023-03-22,Tarde,Línea-1,144,137,5,51
2023-03-22,Tarde,Línea-2,88,75,1,24
2023-03-22,Tarde,Línea-3,87,80,2,4
2023-03-22,Tarde,Línea-4,132,119,3,21
2023-03-22,Tarde,Línea-5,86,79,6,52
2023-03-22,Noche,Línea-1,98,95,8,27
2023-03-22,Noche,Línea-2,139,132,9,58
2023-03-22,Noche,Línea-3,83,80,8,26
2023-03-22,Noche,Línea-4,146,144,9,22
2023-03-22,Noche,Línea-5,134,128,4,32
2023-03-23,Mañana,Línea-1,102,98,8,50
2023-03-23,Mañana,Línea-2,114,104,10,43
2023-03-23,Mañana,Línea-3,130,126,0,46
2023-03-23,Mañana,Línea-4,147,147,14,7
2023-03-23,Mañana,Línea-5,112,104,8,3
2023-03-23,Tarde,Línea-1,101,95,4,33
2023-03-23,Tarde,Línea-2,117,115,10,19
2023-03-23,Tarde,Línea-3,118,109,7,30
2023-03-23,Tarde,Línea-4,135,134,12,20
2023-03-23,Tarde,Línea-5,87,80,3,39
2023-03-23,Noche,Línea-1,110,101,4,12
2023-03-23,Noche,Línea-2,101,94,3,10
2023-03-23,Noche,Línea-3,132,123,12,51
2023-03-23,Noche,Línea-4,147,135,1,48
2023-03-23,Noche,Línea-5,87,86,1,54
2023-03-24,Mañana,Línea-1,101,88,8,60
2023-03-24,Mañana,Línea-2,118,107,4,48
2023-03-24,Mañana,Línea-3,87,75,3,51
2023-03-24,Mañana,Línea-4,83,77,1,1
2023-03-24,Mañana,Línea-5,123,110,1,17
2023-03-24,Tarde,Línea-1,82,82,7,52
2023-03-24,Tarde,Línea-2,126,125,3,19
2023-03-24,Tarde,Línea-3,114,111,7,29
2023-03-24,Tarde,Línea-4,100,87,7,38
2023-03-24,Tarde,Línea-5,150,139,1,10
2023-03-24,Noche,Línea-1,114,103,6,23
2023-03-24,Noche,Línea-2,125,115,1,9
2023-03-24,Noche,Línea-3,128,126,9,50
2023-03-24,Noche,Línea-4,99,93,6,59
2023-03-24,Noche,Línea-5,141,132,3,5
2023-03-25,Mañana,Línea-1,92,91,6,50
2023-03-25,Mañana,Línea-2,105,99,8,29
2023-03-25,Mañana,Línea-3,123,113,7,30
2023-03-25,Mañana,Línea-4,139,139,7,32
2023-03-25,Mañana,Línea-5,105,98,9,17
2023-03-25,Tarde,Línea-1,101,97,3,40
2023-03-25,Tarde,Línea-2,115,112,11,12
2023-03-25,Tarde,Línea-3,121,120,0,29
2023-03-25,Tarde,Línea-4,108,97,3,40
2023-03-25,Tarde,Línea-5,118,114,3,13
2023-03-25,Noche,Línea-1,83,71,2,4
2023-03-25,Noche,Línea-2,149,139,8,32
2023-03-25,Noche,Línea-3,145,140,5,36
2023-03-25,Noche,Línea-4,81,78,3,15
2023-03-25,Noche,Línea-5,107,94,9,46
2023-03-26,Mañana,Línea-1,150,148,7,60
2023-03-26,Mañana,Línea-2,80,77,7,44
2023-03-26,Mañana,Línea-3,106,91,2,33
2023-03-26,Mañana,Línea-4,111,98,9,13
2023-03-26,Mañana,Línea-5,127,112,5,5
2023-03-26,Tarde,Línea-1,148,139,11,13
2023-03-26,Tarde,Línea-2,116,114,11,45
2023-03-26,Tarde,Línea-3,147,144,8,6
2023-03-26,Tarde,Línea-4,134,120,10,51
2023-03-26,Tarde,Línea-5,93,90,7,10
2023-03-26,Noche,Línea-1,95,86,5,49
2023-03-26,Noche,Línea-2,87,87,1,8
2023-03-26,Noche,Línea-3,110,99,9,37
2023-03-26,Noche,Línea-4,120,105,4,25
2023-03-26,Noche,Línea-5,149,146,14,16
2023-03-27,Mañana,Línea-1,100,97,4,35
2023-03-27,Mañana,Línea-2,99,98,0,49
2023-03-27,Mañana,Línea-3,82,82,7,50
2023-03-27,Mañana,Línea-4,129,125,7,37
2023-03-27,Mañana,Línea-5,110,100,8,26
2023-03-27,Tarde,Línea-1,88,82,5,39
2023-03-27,Tarde,Línea-2,82,75,1,13
2023-03-27,Tarde,Línea-3,103,100,9,43
2023-03-27,Tarde,Línea-4,150,136,4,54
2023-03-27,Tarde,Línea-5,99,85,1,3
2023-03-27,Noche,Línea-1,148,141,1,10
2023-03-27,Noche,Línea-2,144,144,14,11
2023-03-27,Noche,Línea-3,91,88,2,12
2023-03-27,Noche,Línea-4,92,82,7,10
2023-03-27,Noche,Línea-5,105,91,4,19
2023-03-28,Mañana,Línea-1,99,98,9,22
2023-03-28,Mañana,Línea-2,82,75,6,8
2023-03-28,Mañana,Línea-3,127,118,8,8
2023-03-28,Mañana,Línea-4,131,129,1,10
2023-03-28,Mañana,Línea-5,81,69,1,1
2023-03-28,Tarde,Línea-1,140,138,8,56
2023-03-28,Tarde,Línea-2,90,89,2,27
2023-03-28,Tarde,Línea-3,118,114,9,10
2023-03-28,Tarde,Línea-4,105,104,3,41
2023-03-28,Tarde,Línea-5,121,113,11,46
2023-03-28,Noche,Línea-1,95,84,1,5
2023-03-28,Noche,Línea-2,110,96,3,20
2023-03-28,Noche,Línea-3,102,101,7,0
2023-03-28,Noche,Línea-4,108,98,4,52
2023-03-28,Noche,Línea-5,126,124,3,52
2023-03-29,Mañana,Línea-1,130,122,5,25
2023-03-29,Mañana,Línea-2,141,132,0,8
2023-03-29,Mañana,Línea-3,86,85,0,37
2023-03-29,Mañana,Línea-4,81,67,2,55
2023-03-29,Mañana,Línea-5,125,124,7,27
2023-03-29,Tarde,Línea-1,92,84,2,51
2023-03-29,Tarde,Línea-2,150,143,1,24
2023-03-29,Tarde,Línea-3,123,109,7,7
2023-03-29,Tarde,Línea-4,81,66,0,43
2023-03-29,Tarde,Línea-5,132,120,5,4
2023-03-29,Noche,Línea-1,137,137,11,51
2023-03-29,Noche,Línea-2,118,114,8,29
2023-03-29,Noche,Línea-3,80,79,5,7
2023-03-29,Noche,Línea-4,107,107,3,47
2023-03-29,Noche,Línea-5,107,104,7,28
2023-03-30,Mañana,Línea-1,102,99,2,33
2023-03-30,Mañana,Línea-2,147,146,5,25
2023-03-30,Mañana,Línea-3,134,132,8,48
2023-03-30,Mañana,Línea-4,129,121,9,18
2023-03-30,Mañana,Línea-5,145,133,1,41
2023-03-30,Tarde,Línea-1,136,133,5,47
2023-03-30,Tarde,Línea-2,97,83,3,42
2023-03-30,Tarde,Línea-3,135,124,8,5
2023-03-30,Tarde,Línea-4,146,135,12,50
2023-03-30,Tarde,Línea-5,144,133,3,14
2023-03-30,Noche,Línea-1,142,137,13,36
2023-03-30,Noche,Línea-2,138,123,6,37
2023-03-30,Noche,Línea-3,81,70,2,9
2023-03-30,Noche,Línea-4,96,87,1,54
2023-03-30,Noche,Línea-5,117,109,0,57
2023-03-31,Mañana,Línea-1,87,73,5,23
2023-03-31,Mañana,Línea-2,84,80,0,26
2023-03-31,Mañana,Línea-3,136,123,5,3
2023-03-31,Mañana,Línea-4,90,88,3,46
2023-03-31,Mañana,Línea-5,137,134,1,29
2023-03-31,Tarde,Línea-1,81,78,0,48
2023-03-31,Tarde,Línea-2,120,114,0,2
2023-03-31,Tarde,Línea-3,111,106,7,32
2023-03-31,Tarde,Línea-4,107,97,7,9
2023-03-31,Tarde,Línea-5,97,93,7,4
2023-03-31,Noche,Línea-1,146,143,10,50
2023-03-31,Noche,Línea-2,81,66,1,44
2023-03-31,Noche,Línea-3,121,107,3,54
2023-03-31,Noche,Línea-4,147,135,8,51
2023-03-31,Noche,Línea-5,91,81,3,21
